classification,Closed PnL,Size USD,Fee
Extreme Fear,34.53786207897196,5349.7318429906545,1.116291305578827
Extreme Greed,67.89286133909282,3112.2515645629123,0.6759018169921485
Fear,54.2903996254993,7816.109930785776,1.495171962969659
Greed,42.74355948851957,5736.884375086974,1.254372343183673
Neutral,34.30771839807886,4782.732661465797,1.044798288591806
